code,name,name_ar,line,seq,lat,lon
S01,SAB,الأول,Line1,1,24.82944,46.61844
S02,Dr Sulaiman Al Habib,د.سليمان الحبيب,Line1,2,24.811554,46.626544
S03,KAFD,المركز المالي,Line1,3,24.768004,46.643644
S04,Al Murooj,المروج,Line1,4,24.754746,46.654221
S05,King Fahad District,حي الملك فهد,Line1,5,24.744914,46.659327
S06,King Fahad District 2,حي الملك فهد 2,Line1,6,24.736652,46.663387
S07,stc,stc,Line1,7,24.726797,46.66688
S08,Al Wurud 2,الورود 2,Line1,8,24.721727,46.671129
S09,Al Urubah,العروبة,Line1,9,24.713216,46.675366
S10,Alinma Bank,مصرف الانماء,Line1,10,24.703166,46.680325
S11,Bank Albilad,بنك البلاد,Line1,11,24.696508,46.683926
S12,King Fahad Library,مكتبة الملك فهد,Line1,12,24.68969,46.687365
S13,Ministry of Interior,وزارة الداخلية,Line1,13,24.674243,46.695048
S14,Al Muorabba,المربع,Line1,14,24.664851,46.702446
S15,Passport Department,الجوازات,Line1,15,24.65956,46.704395
S16,National Museum,المتحف الوطني,Line1,16,24.646063,46.714165
S17,Al Bat'ha,البطحاء,Line1,17,24.637931,46.715234
S18,Qasr Al Hokm,قصر الحكم,Line1,18,24.628582,46.716119
S19,Al Owd,العود,Line1,19,24.625319,46.721018
S20,Skirinah,سكيرينة,Line1,20,24.617552,46.725407
S21,Manfouhah,منفوحة,Line1,21,24.610457,46.727517
S22,Al Iman Hospital,مستشفى الايمان,Line1,22,24.601008,46.735244
S23,Transportation Center,مركز النقل العام,Line1,23,24.597987,46.745141
S24,Al Aziziah,العزيزية,Line1,24,24.586137,46.761196
S25,Ad Dar Al Baida,الدار البيضاء,Line1,25,24.559589,46.776547
S26,King Saud University,جامعة الملك سعود,Line2,26,24.709678,46.628711
S27,King Salman Oasis,واحة الملك سلمان,Line2,27,24.716629,46.638777
S28,KACST,المدينة التقنية,Line2,28,24.720171,46.646932
S29,At Takhassussi,التخصصي,Line2,29,24.723407,46.654649
S07,stc,stc,Line2,30,24.726558,46.666545
S30,Al Wurud,الورود,Line2,31,24.73304,46.677493
S31,King Abdulaziz Road,طريق الملك عبدالعزيز,Line2,32,24.736239,46.685219
S32,Ministry of Education,وزاره التعليم,Line2,33,24.739977,46.693467
S33,An Nuzhah,النزهة,Line2,34,24.747822,46.713114
S34,Riyadh Exhibition Center,مركز الرياض للمعارض,Line2,35,24.753785,46.727212
S35,Khalid Bin Alwaleed Road,طريق خالد بن الوليد,Line2,36,24.767058,46.758974
S36,Al Hamra,الحمراء,Line2,37,24.776421,46.776758
S37,Al Khaleej,الخليج,Line2,38,24.78145,46.794471
S38,Ishbiliyah,اشبيليا,Line2,39,24.79216,46.811069
S39,King Fahad Sport City,مدينة الملك فهد الرياضية,Line2,40,24.792436,46.836994
S40,Jeddah Road,طريق جده,Line3,41,24.591214,46.543394
S41,Tuwaiq,طويق,Line3,42,24.585326,46.561904
S42,Ad Douh,الدوح,Line3,43,24.582932,46.58807
S43,Western Station,الغربية,Line3,44,24.582485,46.614385
S44,Aishah bint Abi Bakr Street,شارع عائشة بنت ابي بكر,Line3,45,24.600529,46.643749
S45,Dhahrat Al Badiah,ظهره البديعة,Line3,46,24.607375,46.654974
S46,Sultanah,سلطانه,Line3,47,24.614812,46.686104
S47,Al Jarradiyah,الجرادية,Line3,48,24.618457,46.698218
S48,Courts Complex,مجمع المحاكم,Line3,49,24.626966,46.712421
S18,Qasr Al Hokm,قصر الحكم,Line3,50,24.628526,46.71606
S49,Al Hilla,الحلة,Line3,51,24.63175,46.720921
S50,Al Margab,المرقب,Line3,52,24.634028,46.725444
S51,As Salhiyah,الصالحية,Line3,53,24.637229,46.731929
S52,First Industrial City,المدينة الصناعية الأولى,Line3,54,24.645182,46.739493
S53,Railway,سكة الحديد,Line3,55,24.649233,46.741243
S54,Al Malaz,الملز,Line3,56,24.661094,46.745054
S55,Jarir District,حي جرير,Line3,57,24.67297,46.760521
S56,Al Rajhi Grand Mosque,جامع الراجحي,Line3,58,24.679712,46.778497
S57,Harun Ar Rashid Road,طريق هارون الرشيد,Line3,59,24.686085,46.796017
S58,An Naseem,النسيم,Line3,60,24.700268,46.827814
S59,Hassan Bin Thabit street,شارع حسان بن ثابت,Line3,61,24.713153,46.848109
S60,Khashm Al An,خشم العان,Line3,62,24.721566,46.860326
S03,KAFD,المركز المالي,Line4,63,24.768179,46.643606
S61,Ar Rabi,الربيع,Line4,64,24.786292,46.660579
S62,Uthman Bin Affan Road,طريق عثمان بن عفان,Line4,65,24.800503,46.696349
S63,SABIC,سابك,Line4,66,24.807235,46.709751
S64,PNU1,جامعة الأميرة نورة 1,Line4,67,24.840397,46.716682
S65,PNU2,جامعة الأميرة نورة 2,Line4,68,24.859834,46.704317
S66,Airport T5,الصالة 5,Line4,69,24.942955,46.708264
S67,Airport T3-4,الصالة 3-4,Line4,70,24.956299,46.703221
S68,Airport T1-2,الصالة 1-2,Line4,71,24.962815,46.700028
S16,National Museum,المتحف الوطني,Line5,72,24.646073,46.71428
S69,Ministry of Finance,وزارة المالية,Line5,73,24.651279,46.715731
S70,King Abdulaziz Hospital,مستشفى الملك عبدالعزيز,Line5,74,24.659046,46.717274
S71,Ministry of Defense,وزارة الدفاع,Line5,75,24.667125,46.718257
S72,Al Wizarat,الوزارات,Line5,76,24.677217,46.718358
S73,GOSI,التأمينات الاجتماعية,Line5,77,24.686692,46.718199
S74,Officers Club,نادي الضباط,Line5,78,24.697523,46.718029
S75,Abu Dhabi square,ميدان أبو ظبي,Line5,79,24.706116,46.716342
S76,Ad Dhabab,الضباب,Line5,80,24.709159,46.708357
S77,As Sulimaniyah,السليمانية,Line5,81,24.713043,46.699544
S78,King Salman Park,حديقة الملك سلمان,Line5,82,24.728338,46.701061
S32,Ministry of Education,وزاره التعليم,Line5,83,24.73977,46.693598
S03,KAFD,المركز المالي,Line6,84,24.768179,46.643606
S61,Ar Rabi,الربيع,Line6,85,24.786292,46.660579
S62,Uthman Bin Affan Road,طريق عثمان بن عفان,Line6,86,24.800503,46.696349
S63,SABIC,سابك,Line6,87,24.807357,46.709596
S79,Granadia,غرناطيّة,Line6,88,24.786483,46.729333
S80,Al Yarmuk,اليرموك,Line6,89,24.791027,46.766422
S36,Al Hamra,الحمراء,Line6,90,24.776327,46.776576
S81,Al Andalus,الأندلس,Line6,91,24.756747,46.79051
S82,Khurais Road,طريق خريص,Line6,92,24.738084,46.800096
S83,As Salam,السلام,Line6,93,24.722197,46.811446
S58,An Naseem,النسيم,Line6,94,24.700481,46.827963
